airline,date_of_journey,source,destination,dep_time,arrival_time,duration,total_stops,additional_info,price
Air India,2019-04-18,Banglore,Delhi,17:00:00,19:45:00,165,0.0,No Info,6121
Jet Airways,2019-06-12,Kolkata,Banglore,06:30:00,10:05:00,1655,1.0,In-flight meal not included,8529
Jet Airways,2019-05-24,Kolkata,Banglore,10:20:00,17:35:00,435,1.0,No Info,8781
Air Asia,2019-05-18,Delhi,Cochin,16:45:00,07:10:00,865,1.0,No Info,7353
Indigo,2019-05-09,Mumbai,Hyderabad,20:05:00,21:40:00,95,0.0,No Info,2437
Jet Airways,2019-06-09,Kolkata,Banglore,06:30:00,12:00:00,330,1.0,No Info,14571
Jet Airways,2019-06-06,Delhi,Cochin,05:30:00,19:00:00,810,2.0,In-flight meal not included,10368
Jet Airways,2019-03-18,Banglore,New Delhi,11:40:00,20:20:00,520,1.0,No Info,13555
Multiple Carriers,2019-05-27,Delhi,Cochin,10:20:00,01:30:00,910,1.0,No Info,6795
Jet Airways,2019-06-15,Delhi,Cochin,15:00:00,12:35:00,1295,1.0,In-flight meal not included,10262
Jet Airways,2019-06-27,Banglore,Delhi,07:10:00,10:10:00,180,0.0,In-flight meal not included,6478
Indigo,2019-05-15,Delhi,Cochin,08:35:00,16:10:00,455,1.0,No Info,6442
Jet Airways,2019-06-24,Delhi,Cochin,17:30:00,04:25:00,655,1.0,In-flight meal not included,10262
Jet Airways,2019-05-27,Delhi,Cochin,13:00:00,19:00:00,360,1.0,No Info,16079
Indigo,2019-03-27,Delhi,Cochin,10:45:00,21:00:00,615,1.0,No Info,6838
Air India,2019-04-01,Kolkata,Banglore,16:45:00,20:25:00,1660,2.0,No Info,9920
Indigo,2019-03-15,Banglore,New Delhi,19:35:00,00:35:00,300,1.0,No Info,10509
Jet Airways,2019-05-24,Kolkata,Banglore,18:55:00,16:20:00,1285,1.0,In-flight meal not included,10844
Air India,2019-06-06,Kolkata,Banglore,16:45:00,21:05:00,1700,1.0,No Info,7662
Jet Airways,2019-06-09,Kolkata,Banglore,20:25:00,18:00:00,1295,1.0,No Info,13401
Vistara,2019-03-03,Banglore,New Delhi,19:40:00,22:20:00,160,0.0,No Info,8553
Indigo,2019-03-24,Kolkata,Banglore,17:35:00,22:15:00,280,1.0,No Info,6933
Jet Airways,2019-05-15,Kolkata,Banglore,06:30:00,18:15:00,705,1.0,In-flight meal not included,10844
Jet Airways,2019-06-12,Kolkata,Banglore,14:05:00,22:35:00,510,1.0,No Info,13626
Jet Airways,2019-05-09,Kolkata,Banglore,17:00:00,14:25:00,1285,1.0,In-flight meal not included,9314
Vistara,2019-05-15,Banglore,Delhi,19:30:00,22:15:00,165,0.0,No Info,4878
Air India,2019-06-06,Kolkata,Banglore,12:00:00,21:50:00,590,2.0,No Info,9416
Jet Airways,2019-03-12,Banglore,New Delhi,22:55:00,10:45:00,710,1.0,No Info,13817
Air India,2019-06-06,Kolkata,Banglore,19:00:00,11:05:00,965,1.0,No Info,6117
Jet Airways,2019-06-03,Delhi,Cochin,19:45:00,12:35:00,1010,1.0,In-flight meal not included,10262
Air India,2019-05-27,Delhi,Cochin,22:00:00,19:15:00,1275,2.0,No Info,10231
Multiple Carriers,2019-05-27,Delhi,Cochin,11:25:00,19:15:00,470,1.0,No Info,8625
Multiple Carriers,2019-05-27,Delhi,Cochin,08:45:00,19:15:00,630,1.0,No Info,10051
Vistara,2019-06-12,Kolkata,Banglore,07:10:00,09:05:00,1555,1.0,No Info,7927
Multiple Carriers,2019-05-09,Delhi,Cochin,09:00:00,19:00:00,600,1.0,No Info,10197
Jet Airways,2019-06-01,Delhi,Cochin,09:40:00,04:25:00,1125,2.0,No Info,13014
Jet Airways,2019-05-18,Kolkata,Banglore,14:05:00,12:00:00,1315,1.0,In-flight meal not included,9663
Air India,2019-06-24,Delhi,Cochin,10:55:00,07:40:00,1245,2.0,No Info,11753
Air India,2019-05-21,Delhi,Cochin,14:05:00,17:55:00,230,0.0,No Info,6094
Air India,2019-03-15,Mumbai,Hyderabad,19:30:00,20:45:00,75,0.0,No Info,3100
Multiple Carriers,2019-05-09,Delhi,Cochin,11:25:00,19:15:00,470,1.0,No Info,7575
Indigo,2019-05-27,Banglore,Delhi,04:00:00,06:50:00,170,0.0,No Info,3943
Air India,2019-03-03,Banglore,New Delhi,08:50:00,10:35:00,1545,2.0,No Info,12358
Vistara,2019-06-27,Chennai,Kolkata,17:45:00,20:05:00,140,0.0,No Info,11982
Jet Airways,2019-03-03,Delhi,Cochin,20:50:00,04:25:00,455,1.0,No Info,17234
Air India,2019-05-15,Kolkata,Banglore,10:00:00,13:45:00,1665,2.0,No Info,16057
Spicejet,2019-06-06,Delhi,Cochin,08:45:00,13:15:00,270,1.0,No check-in baggage included,5158
Air India,2019-05-01,Banglore,Delhi,10:00:00,12:45:00,165,0.0,No Info,6121
Air India,2019-04-18,Kolkata,Banglore,14:15:00,16:45:00,150,0.0,No Info,5510
Spicejet,2019-03-21,Chennai,Kolkata,09:30:00,12:05:00,155,0.0,No check-in baggage included,3332
Multiple Carriers,2019-03-09,Delhi,Cochin,17:00:00,01:35:00,515,1.0,No Info,14343
Jet Airways,2019-05-27,Delhi,Cochin,22:50:00,19:00:00,1210,1.0,In-flight meal not included,12898
Multiple Carriers,2019-06-09,Delhi,Cochin,10:00:00,19:00:00,540,1.0,No Info,12192
Multiple Carriers,2019-06-27,Delhi,Cochin,15:15:00,01:30:00,615,1.0,In-flight meal not included,5797
Indigo,2019-05-09,Chennai,Kolkata,19:35:00,21:55:00,140,0.0,No Info,3597
Jet Airways,2019-06-15,Delhi,Cochin,02:15:00,19:00:00,1005,1.0,In-flight meal not included,10262
Indigo,2019-05-27,Delhi,Cochin,11:55:00,22:30:00,635,1.0,No Info,6442
Jet Airways,2019-06-06,Delhi,Cochin,21:25:00,12:35:00,910,2.0,In-flight meal not included,11270
Jet Airways,2019-03-01,Banglore,New Delhi,14:05:00,10:25:00,1220,1.0,No Info,20800
Jet Airways,2019-04-09,Banglore,Delhi,08:20:00,11:20:00,180,0.0,No Info,7229
Jet Airways,2019-05-27,Mumbai,Hyderabad,07:05:00,08:30:00,85,0.0,In-flight meal not included,4995
Multiple Carriers,2019-06-15,Delhi,Cochin,14:55:00,22:30:00,455,1.0,In-flight meal not included,6093
Indigo,2019-06-09,Banglore,Delhi,22:10:00,01:00:00,170,0.0,No Info,3749
Jet Airways,2019-03-18,Banglore,New Delhi,08:00:00,07:40:00,1420,1.0,No Info,12284
Indigo,2019-04-24,Delhi,Cochin,16:00:00,21:00:00,300,1.0,No Info,5065
Air India,2019-05-06,Kolkata,Banglore,09:25:00,15:05:00,1780,2.0,No Info,11542
Jet Airways,2019-06-03,Delhi,Cochin,07:05:00,19:00:00,715,1.0,No Info,14924
Air India,2019-05-15,Delhi,Cochin,12:00:00,07:40:00,1180,2.0,No Info,10651
Indigo,2019-05-21,Banglore,Delhi,21:15:00,00:15:00,180,0.0,No Info,3943
Indigo,2019-06-01,Banglore,Delhi,01:30:00,04:15:00,165,0.0,No Info,4077
Jet Airways,2019-05-09,Kolkata,Banglore,16:30:00,10:05:00,1055,1.0,In-flight meal not included,8586
Multiple Carriers,2019-03-03,Delhi,Cochin,11:35:00,21:00:00,565,3.0,No Info,21829
Spicejet,2019-06-09,Chennai,Kolkata,08:20:00,10:35:00,135,0.0,No check-in baggage included,3543
Multiple Carriers,2019-06-27,Delhi,Cochin,11:30:00,19:15:00,465,1.0,No Info,14848
Jet Airways,2019-03-21,Delhi,Cochin,18:25:00,18:50:00,1465,2.0,In-flight meal not included,9270
Spicejet,2019-06-03,Chennai,Kolkata,17:45:00,20:05:00,140,0.0,No Info,3597
Jet Airways,2019-03-27,Delhi,Cochin,05:25:00,04:25:00,1380,2.0,No Info,11664
Indigo,2019-05-27,Kolkata,Banglore,11:30:00,14:05:00,155,0.0,No Info,5224
Jet Airways,2019-05-27,Delhi,Cochin,09:35:00,12:35:00,1620,2.0,No Info,14657
Jet Airways,2019-04-01,Mumbai,Hyderabad,02:55:00,04:20:00,85,0.0,No Info,5678
Jet Airways,2019-05-06,Banglore,Delhi,07:10:00,10:10:00,180,0.0,No Info,7229
Jet Airways,2019-04-09,Delhi,Cochin,05:30:00,04:25:00,1375,2.0,No Info,10909
Indigo,2019-03-24,Kolkata,Banglore,10:10:00,12:55:00,165,0.0,No Info,6565
Jet Airways,2019-04-21,Delhi,Cochin,11:00:00,14:15:00,195,0.0,In-flight meal not included,7202
Vistara,2019-06-09,Kolkata,Banglore,07:10:00,18:50:00,700,1.0,No Info,9555
Jet Airways,2019-06-09,Mumbai,Hyderabad,19:35:00,21:05:00,90,0.0,In-flight meal not included,3210
Indigo,2019-05-01,Banglore,Delhi,18:55:00,21:50:00,175,0.0,No Info,4823
Multiple Carriers,2019-06-03,Delhi,Cochin,06:00:00,21:00:00,900,1.0,No Info,8475
Indigo,2019-03-15,Mumbai,Hyderabad,16:55:00,18:25:00,90,0.0,No Info,3175
Jet Airways,2019-05-18,Delhi,Cochin,09:00:00,12:35:00,1655,1.0,In-flight meal not included,12373
Jet Airways,2019-05-15,Kolkata,Banglore,16:30:00,23:35:00,425,1.0,In-flight meal not included,8586
Jet Airways,2019-05-06,Kolkata,Banglore,09:35:00,18:00:00,505,1.0,No Info,13067
Air Asia,2019-06-18,Banglore,Delhi,11:10:00,13:55:00,165,0.0,No Info,3383
Jet Airways,2019-03-21,Delhi,Cochin,16:10:00,18:50:00,1600,2.0,In-flight meal not included,8728
Indigo,2019-03-03,Banglore,New Delhi,10:05:00,13:00:00,175,0.0,No Info,7648
Vistara,2019-05-18,Banglore,Delhi,17:00:00,19:35:00,155,0.0,No Info,4878
Indigo,2019-04-03,Kolkata,Banglore,11:30:00,14:05:00,155,0.0,No Info,4174
Jet Airways,2019-03-21,Banglore,New Delhi,14:05:00,07:40:00,1055,1.0,In-flight meal not included,7832
Jet Airways,2019-06-12,Delhi,Cochin,05:30:00,04:25:00,1375,2.0,No Info,13292
Multiple Carriers,2019-05-15,Delhi,Cochin,07:30:00,21:00:00,810,1.0,No Info,8405
Jet Airways,2019-06-12,Delhi,Cochin,18:15:00,19:00:00,1485,1.0,In-flight meal not included,10262
Multiple Carriers,2019-06-03,Delhi,Cochin,09:00:00,21:00:00,720,1.0,No Info,13587
Jet Airways,2019-03-06,Banglore,New Delhi,16:55:00,05:05:00,730,1.0,No Info,16736
Vistara,2019-06-09,Banglore,Delhi,11:30:00,14:20:00,170,0.0,No Info,4668
Jet Airways,2019-04-01,Kolkata,Banglore,20:00:00,20:45:00,1485,1.0,In-flight meal not included,7064
Air Asia,2019-06-15,Delhi,Cochin,07:55:00,22:25:00,870,1.0,No Info,6253
Multiple Carriers,2019-05-21,Delhi,Cochin,07:00:00,19:00:00,720,1.0,No Info,10197
Spicejet,2019-03-21,Banglore,New Delhi,09:35:00,12:30:00,175,0.0,No Info,4945
Indigo,2019-05-12,Kolkata,Banglore,17:15:00,19:50:00,155,0.0,No Info,4804
Jet Airways,2019-06-15,Delhi,Cochin,07:05:00,04:25:00,1280,1.0,In-flight meal not included,10262
Jet Airways,2019-04-18,Banglore,Delhi,08:20:00,11:20:00,180,0.0,No Info,7229
Vistara,2019-05-15,Kolkata,Banglore,17:00:00,23:25:00,385,1.0,No Info,9345
Multiple Carriers,2019-03-09,Delhi,Cochin,17:25:00,01:35:00,490,1.0,In-flight meal not included,12616
Multiple Carriers,2019-06-03,Delhi,Cochin,06:40:00,19:00:00,740,1.0,No Info,10877
Air India,2019-05-09,Banglore,Delhi,10:00:00,12:45:00,165,0.0,No Info,5228
Jet Airways,2019-04-09,Banglore,Delhi,06:00:00,08:45:00,165,0.0,In-flight meal not included,4544
Air India,2019-05-09,Delhi,Cochin,10:55:00,19:15:00,500,2.0,No Info,11753
Spicejet,2019-05-12,Mumbai,Hyderabad,13:15:00,14:45:00,90,0.0,No check-in baggage included,2175
Indigo,2019-05-24,Banglore,Delhi,18:55:00,21:50:00,175,0.0,No Info,4823
Spicejet,2019-06-01,Mumbai,Hyderabad,13:15:00,14:45:00,90,0.0,No check-in baggage included,2175
Multiple Carriers,2019-06-15,Delhi,Cochin,08:00:00,21:00:00,780,1.0,No Info,7408
Jet Airways,2019-05-21,Kolkata,Banglore,06:30:00,09:20:00,1610,1.0,No Info,14388
Jet Airways,2019-05-09,Delhi,Cochin,10:00:00,19:00:00,540,1.0,No Info,15554
Indigo,2019-06-21,Delhi,Cochin,05:35:00,08:50:00,195,0.0,No Info,5000
Air Asia,2019-06-24,Kolkata,Banglore,22:50:00,01:20:00,150,0.0,No Info,3807
Multiple Carriers,2019-03-03,Delhi,Cochin,10:20:00,21:00:00,640,1.0,No Info,15147
Jet Airways,2019-03-06,Delhi,Cochin,17:30:00,19:45:00,1575,1.0,No Info,17024
Spicejet,2019-03-03,Chennai,Kolkata,17:45:00,20:05:00,140,0.0,No Info,7298
Spicejet,2019-03-24,Banglore,New Delhi,20:30:00,23:20:00,170,0.0,No check-in baggage included,3873
Air India,2019-03-01,Banglore,New Delhi,08:50:00,23:25:00,875,2.0,1 Short layover,26743
Jet Airways,2019-05-12,Kolkata,Banglore,06:30:00,09:20:00,1610,1.0,In-flight meal not included,9663
Indigo,2019-05-27,Delhi,Cochin,14:25:00,17:40:00,195,0.0,No Info,6015
Indigo,2019-06-09,Delhi,Cochin,09:15:00,21:00:00,705,1.0,No Info,6838
Multiple Carriers,2019-06-06,Delhi,Cochin,17:30:00,01:30:00,480,1.0,No Info,13377
Jet Airways,2019-06-06,Delhi,Cochin,16:00:00,19:00:00,1620,1.0,In-flight meal not included,10262
Air Asia,2019-03-18,Kolkata,Banglore,19:35:00,22:05:00,150,0.0,No Info,4384
Multiple Carriers,2019-05-27,Delhi,Cochin,11:40:00,01:30:00,830,1.0,No Info,6795
Indigo,2019-06-18,Banglore,Delhi,21:15:00,00:15:00,180,0.0,No Info,3943
Jet Airways,2019-04-01,Kolkata,Banglore,08:25:00,23:35:00,910,1.0,In-flight meal not included,7064
Indigo,2019-06-12,Delhi,Cochin,07:35:00,12:10:00,275,1.0,No Info,5054
Indigo,2019-03-03,Banglore,New Delhi,13:00:00,15:50:00,170,0.0,No Info,12649
Jet Airways,2019-05-06,Kolkata,Banglore,18:55:00,10:05:00,910,1.0,No Info,13584
Air India,2019-03-18,Banglore,New Delhi,10:30:00,17:45:00,435,2.0,No Info,13261
Jet Airways,2019-05-01,Kolkata,Banglore,20:25:00,23:35:00,1630,1.0,In-flight meal not included,9314
Jet Airways,2019-06-27,Delhi,Cochin,11:40:00,19:00:00,440,2.0,No Info,18804
Air India,2019-05-21,Kolkata,Banglore,09:25:00,07:55:00,1350,1.0,No Info,8891
Jet Airways,2019-05-09,Delhi,Cochin,08:00:00,19:00:00,660,1.0,No Info,15554
Indigo,2019-06-03,Banglore,Delhi,21:15:00,00:15:00,180,0.0,No Info,3943
Vistara,2019-03-06,Mumbai,Hyderabad,08:45:00,16:45:00,480,1.0,No Info,12395
Jet Airways,2019-05-18,Delhi,Cochin,19:15:00,12:35:00,1040,1.0,In-flight meal not included,12373
Air India,2019-05-06,Kolkata,Banglore,05:50:00,13:15:00,445,2.0,No Info,7662
Indigo,2019-06-27,Delhi,Cochin,23:30:00,04:35:00,305,1.0,No Info,9165
Jet Airways,2019-05-18,Kolkata,Banglore,05:45:00,16:20:00,635,1.0,No Info,14781
Jet Airways,2019-03-27,Delhi,Cochin,07:05:00,04:25:00,1280,1.0,No Info,12452
Air India,2019-06-24,Mumbai,Hyderabad,21:05:00,22:25:00,80,0.0,No Info,3100
Jet Airways,2019-03-21,Banglore,New Delhi,05:50:00,12:20:00,390,1.0,In-flight meal not included,6163
Indigo,2019-04-18,Banglore,Delhi,01:30:00,04:15:00,165,0.0,No Info,4591
Indigo,2019-05-21,Chennai,Kolkata,13:15:00,15:35:00,140,0.0,No Info,3597
Multiple Carriers,2019-03-09,Delhi,Cochin,15:05:00,01:35:00,630,1.0,In-flight meal not included,14086
Spicejet,2019-06-15,Kolkata,Banglore,22:20:00,00:40:00,140,0.0,No check-in baggage included,3841
Air India,2019-03-18,Banglore,New Delhi,10:00:00,12:45:00,165,0.0,No Info,4441
Jet Airways,2019-06-06,Kolkata,Banglore,16:30:00,22:35:00,365,1.0,In-flight meal not included,10844
Air India,2019-03-24,Kolkata,Banglore,05:50:00,13:40:00,470,2.0,No Info,8005
Jet Airways,2019-05-03,Banglore,Delhi,08:20:00,11:20:00,180,0.0,In-flight meal not included,5198
Indigo,2019-05-24,Kolkata,Banglore,20:20:00,22:55:00,155,0.0,No Info,4804
Jet Airways,2019-05-27,Delhi,Cochin,23:05:00,19:00:00,1195,2.0,No Info,15129
Spicejet,2019-05-15,Mumbai,Hyderabad,22:45:00,00:15:00,90,0.0,No Info,2017
Air India,2019-03-27,Delhi,Cochin,17:15:00,09:25:00,970,2.0,No Info,6057
Multiple Carriers,2019-06-12,Delhi,Cochin,11:25:00,19:00:00,455,1.0,No Info,10877
Indigo,2019-04-09,Banglore,Delhi,05:30:00,08:20:00,170,0.0,No Info,3943
Air India,2019-03-09,Banglore,New Delhi,10:30:00,21:25:00,655,2.0,No Info,9586
Jet Airways,2019-05-21,Kolkata,Banglore,09:35:00,23:35:00,840,1.0,No Info,14151
Multiple Carriers,2019-05-18,Delhi,Cochin,08:45:00,21:00:00,735,1.0,No Info,7670
Jet Airways,2019-06-03,Mumbai,Hyderabad,19:35:00,21:05:00,90,0.0,In-flight meal not included,3210
Vistara,2019-06-03,Chennai,Kolkata,17:45:00,20:05:00,140,0.0,No Info,11982
Multiple Carriers,2019-03-21,Delhi,Cochin,07:30:00,21:00:00,810,1.0,No Info,9845
Indigo,2019-06-24,Delhi,Cochin,11:25:00,21:00:00,575,1.0,No Info,5894
Jet Airways,2019-06-12,Kolkata,Banglore,08:25:00,20:45:00,740,1.0,In-flight meal not included,9899
Air India,2019-06-01,Mumbai,Hyderabad,19:30:00,20:45:00,75,0.0,No Info,3100
Multiple Carriers,2019-03-09,Delhi,Cochin,08:00:00,19:45:00,705,1.0,No Info,16287
Air India,2019-03-06,Mumbai,Hyderabad,16:00:00,23:45:00,465,1.0,No Info,11678
Spicejet,2019-05-27,Mumbai,Hyderabad,13:15:00,14:45:00,90,0.0,No check-in baggage included,2385
Jet Airways,2019-03-24,Kolkata,Banglore,21:10:00,08:10:00,660,1.0,In-flight meal not included,11134
Multiple Carriers,2019-05-21,Delhi,Cochin,18:15:00,01:30:00,435,1.0,No Info,14067
Jet Airways,2019-03-18,Banglore,New Delhi,11:40:00,10:25:00,1365,1.0,In-flight meal not included,11087
Air India,2019-06-03,Delhi,Cochin,21:00:00,07:40:00,640,1.0,No Info,8372
Spicejet,2019-04-09,Kolkata,Banglore,06:55:00,09:30:00,155,0.0,No check-in baggage included,3841
Jet Airways,2019-04-01,Kolkata,Banglore,20:00:00,19:50:00,1430,1.0,No Info,12681
Spicejet,2019-06-09,Chennai,Kolkata,17:45:00,20:05:00,140,0.0,No Info,3597
Jet Airways,2019-03-06,Delhi,Cochin,11:30:00,04:25:00,1015,1.0,In-flight meal not included,13843
Jet Airways,2019-05-15,Kolkata,Banglore,21:10:00,08:15:00,665,1.0,No Info,14388
Vistara,2019-06-24,Chennai,Kolkata,07:45:00,10:00:00,135,0.0,No Info,3687
Spicejet,2019-04-24,Banglore,Delhi,21:10:00,00:05:00,175,0.0,No Info,3625
Indigo,2019-06-12,Delhi,Cochin,08:35:00,16:10:00,455,1.0,No Info,6442
Jet Airways,2019-03-27,Delhi,Cochin,02:15:00,04:25:00,1570,1.0,No Info,12242
Jet Airways,2019-05-09,Kolkata,Banglore,14:05:00,12:00:00,1315,1.0,In-flight meal not included,9663
Indigo,2019-03-01,Kolkata,Banglore,15:10:00,17:45:00,155,0.0,No Info,6565
Indigo,2019-05-18,Kolkata,Banglore,08:10:00,13:00:00,290,1.0,No Info,5279
Air Asia,2019-03-01,Kolkata,Banglore,19:35:00,22:05:00,150,0.0,No Info,5964
Air India,2019-03-01,Banglore,New Delhi,08:50:00,23:25:00,2315,2.0,No Info,25430
Jet Airways,2019-05-24,Banglore,Delhi,08:20:00,11:20:00,180,0.0,In-flight meal not included,4030
Multiple Carriers,2019-03-21,Delhi,Cochin,08:55:00,19:15:00,620,1.0,No Info,10161
Vistara,2019-05-21,Kolkata,Banglore,20:20:00,10:45:00,865,1.0,No Info,9187
Air India,2019-05-09,Delhi,Cochin,12:00:00,07:40:00,1180,2.0,No Info,9968
Indigo,2019-04-06,Kolkata,Banglore,17:15:00,19:50:00,155,0.0,No Info,4174
Air India,2019-03-21,Delhi,Cochin,12:00:00,07:40:00,1180,2.0,No Info,9706
Indigo,2019-06-03,Delhi,Cochin,05:05:00,12:10:00,425,1.0,No Info,6818
Air India,2019-03-01,Banglore,New Delhi,22:00:00,23:20:00,1520,1.0,Change airports,14305
Jet Airways,2019-03-18,Banglore,New Delhi,11:40:00,07:40:00,1200,1.0,No Info,12284
Multiple Carriers,2019-06-27,Delhi,Cochin,18:15:00,01:30:00,435,1.0,No Info,13377
Air India,2019-03-09,Banglore,New Delhi,17:00:00,16:40:00,1420,1.0,No Info,9292
Multiple Carriers,2019-03-27,Delhi,Cochin,13:00:00,01:35:00,755,1.0,No Info,12327
Vistara,2019-05-18,Kolkata,Banglore,17:00:00,20:20:00,1640,1.0,No Info,9555
Air India,2019-03-18,Banglore,New Delhi,06:45:00,16:30:00,2025,2.0,No Info,10835
Jet Airways,2019-04-01,Kolkata,Banglore,06:30:00,19:50:00,800,1.0,No Info,12681
Jet Airways,2019-06-01,Banglore,Delhi,07:10:00,10:10:00,180,0.0,No Info,8016
Air India,2019-04-27,Delhi,Cochin,18:05:00,21:10:00,185,0.0,No Info,5411
Vistara,2019-06-12,Kolkata,Banglore,20:20:00,22:40:00,1580,1.0,No Info,7927
Multiple Carriers,2019-03-09,Delhi,Cochin,07:05:00,16:10:00,545,1.0,No Info,6916
Goair,2019-03-24,Kolkata,Banglore,16:25:00,00:05:00,460,1.0,No Info,10198
Goair,2019-04-15,Banglore,Delhi,20:55:00,23:40:00,165,0.0,No Info,3898
Multiple Carriers,2019-06-15,Delhi,Cochin,10:35:00,19:15:00,520,1.0,No Info,8614
Jet Airways,2019-06-06,Kolkata,Banglore,18:55:00,18:15:00,1400,1.0,In-flight meal not included,10844
Jet Airways,2019-06-09,Delhi,Cochin,05:30:00,04:25:00,1375,2.0,No Info,13014
Jet Airways,2019-05-06,Kolkata,Banglore,08:25:00,20:45:00,740,1.0,No Info,14388
Indigo,2019-06-09,Delhi,Cochin,16:10:00,22:30:00,380,1.0,No Info,6412
Jet Airways,2019-03-06,Delhi,Cochin,13:00:00,04:25:00,925,1.0,No Info,15764
Spicejet,2019-03-18,Mumbai,Hyderabad,13:10:00,14:30:00,80,0.0,No check-in baggage included,2385
Jet Airways,2019-05-15,Kolkata,Banglore,09:35:00,23:35:00,840,1.0,No Info,14151
Jet Airways,2019-06-24,Delhi,Cochin,14:00:00,19:00:00,300,1.0,No Info,14714
Indigo,2019-06-12,Delhi,Cochin,10:35:00,01:30:00,895,1.0,No Info,5883
Jet Airways,2019-03-06,Delhi,Cochin,05:40:00,04:25:00,1365,2.0,In-flight meal not included,17271
Indigo,2019-03-06,Delhi,Cochin,06:40:00,13:20:00,400,1.0,No Info,14871
Vistara,2019-03-06,Mumbai,Hyderabad,08:45:00,19:55:00,670,1.0,No Info,12395
Indigo,2019-05-01,Banglore,Delhi,16:55:00,19:55:00,180,0.0,No Info,4823
Jet Airways,2019-05-24,Kolkata,Banglore,20:00:00,09:20:00,800,1.0,In-flight meal not included,10844
Jet Airways,2019-05-24,Kolkata,Banglore,16:30:00,22:35:00,365,1.0,No Info,14571
Indigo,2019-03-06,Delhi,Cochin,09:10:00,21:00:00,710,1.0,No Info,14871
Air India,2019-06-15,Delhi,Cochin,17:40:00,23:00:00,320,1.0,No Info,7384
Air India,2019-06-03,Delhi,Cochin,18:30:00,19:15:00,1485,2.0,No Info,12488
Jet Airways,2019-03-27,Delhi,Cochin,08:00:00,18:50:00,650,1.0,In-flight meal not included,6068
Jet Airways,2019-05-18,Kolkata,Banglore,20:25:00,22:05:00,1540,1.0,No Info,14151
Jet Airways,2019-06-03,Delhi,Cochin,14:35:00,12:35:00,1320,2.0,In-flight meal not included,10919
Jet Airways,2019-06-12,Kolkata,Banglore,06:30:00,19:50:00,800,1.0,No Info,13626
Multiple Carriers,2019-06-15,Delhi,Cochin,09:15:00,19:15:00,600,1.0,No Info,9359
Vistara,2019-05-15,Kolkata,Banglore,07:10:00,23:25:00,975,1.0,No Info,9345
Indigo,2019-06-03,Kolkata,Banglore,04:40:00,07:15:00,155,0.0,No Info,5224
Jet Airways,2019-05-01,Mumbai,Hyderabad,19:35:00,21:05:00,90,0.0,No Info,5678
Jet Airways,2019-05-21,Banglore,Delhi,06:00:00,08:45:00,165,0.0,In-flight meal not included,4030
Air India,2019-06-03,Delhi,Cochin,05:15:00,19:15:00,2280,3.0,No Info,10493
Vistara,2019-03-24,Kolkata,Banglore,09:55:00,20:25:00,630,1.0,No Info,12312
Jet Airways,2019-06-09,Delhi,Cochin,02:15:00,04:25:00,1570,1.0,In-flight meal not included,10262
Air India,2019-06-01,Delhi,Cochin,13:30:00,23:00:00,570,1.0,No Info,8907
Indigo,2019-05-18,Kolkata,Banglore,04:40:00,07:15:00,155,0.0,No Info,4804
Jet Airways,2019-06-03,Delhi,Cochin,22:50:00,04:25:00,335,1.0,In-flight meal not included,10262
Air Asia,2019-03-12,Kolkata,Banglore,22:50:00,01:20:00,150,0.0,No Info,4082
Spicejet,2019-05-06,Mumbai,Hyderabad,22:45:00,00:15:00,90,0.0,No check-in baggage included,2175
Multiple Carriers,2019-05-21,Delhi,Cochin,06:40:00,19:15:00,755,1.0,No Info,7787
Jet Airways,2019-05-24,Kolkata,Banglore,14:05:00,09:20:00,1155,1.0,In-flight meal not included,9663
Multiple Carriers,2019-03-06,Delhi,Cochin,07:00:00,15:30:00,510,1.0,No Info,15603
Vistara,2019-05-06,Banglore,Delhi,17:00:00,19:35:00,155,0.0,No Info,4878
Air India,2019-05-18,Kolkata,Banglore,14:35:00,14:35:00,1440,1.0,No Info,6528
Vistara,2019-05-03,Banglore,Delhi,21:00:00,23:50:00,170,0.0,No Info,5613
Jet Airways,2019-05-09,Kolkata,Banglore,16:30:00,08:15:00,945,1.0,No Info,13941
Air India,2019-03-06,Delhi,Cochin,13:05:00,09:25:00,1220,2.0,No Info,12865
Air India,2019-05-01,Kolkata,Banglore,09:50:00,08:55:00,1385,2.0,No Info,13227
Air India,2019-05-21,Mumbai,Hyderabad,19:30:00,20:45:00,75,0.0,No Info,3100
Vistara,2019-04-01,Banglore,Delhi,19:30:00,22:15:00,165,0.0,No Info,5613
Air India,2019-05-01,Kolkata,Banglore,19:00:00,11:05:00,965,1.0,No Info,6117
Vistara,2019-05-06,Kolkata,Banglore,17:00:00,09:05:00,965,1.0,No Info,8137
Air India,2019-05-24,Kolkata,Banglore,09:50:00,12:30:00,1600,2.0,No Info,15170
Vistara,2019-06-27,Banglore,Delhi,09:45:00,12:35:00,170,0.0,No Info,4668
Air India,2019-05-12,Kolkata,Banglore,10:00:00,23:15:00,795,1.0,No Info,10203
Indigo,2019-04-09,Kolkata,Banglore,21:25:00,00:05:00,160,0.0,No Info,4174
Spicejet,2019-04-21,Kolkata,Banglore,22:20:00,00:40:00,140,0.0,No check-in baggage included,4807
Goair,2019-05-01,Delhi,Cochin,07:25:00,13:35:00,370,1.0,No Info,5842
Jet Airways,2019-06-01,Delhi,Cochin,14:00:00,19:00:00,300,1.0,No Info,14714
Jet Airways,2019-03-06,Banglore,New Delhi,08:55:00,23:00:00,845,1.0,No Info,16736
Indigo,2019-05-09,Mumbai,Hyderabad,16:55:00,18:25:00,90,0.0,No Info,4784
Multiple Carriers,2019-06-15,Delhi,Cochin,15:05:00,01:30:00,625,2.0,No Info,15965
Vistara,2019-05-18,Kolkata,Banglore,07:10:00,18:50:00,700,1.0,No Info,9345
Jet Airways,2019-05-18,Delhi,Cochin,13:25:00,19:00:00,1775,2.0,No Info,16704
Jet Airways,2019-05-06,Kolkata,Banglore,20:00:00,10:05:00,845,1.0,In-flight meal not included,9663
Jet Airways,2019-03-21,Delhi,Cochin,19:15:00,04:25:00,550,1.0,No Info,12557
Air India,2019-03-21,Delhi,Cochin,13:15:00,09:25:00,1210,2.0,No Info,7107
Multiple Carriers,2019-03-21,Delhi,Cochin,11:40:00,21:00:00,560,1.0,No Info,7215
Goair,2019-03-27,Delhi,Cochin,06:00:00,13:20:00,440,1.0,No Info,4563
Air India,2019-06-27,Delhi,Cochin,13:15:00,09:25:00,1210,2.0,No Info,8839
Multiple Carriers,2019-06-24,Delhi,Cochin,06:40:00,19:00:00,740,1.0,No Info,10877
Multiple Carriers,2019-06-09,Delhi,Cochin,10:00:00,01:30:00,930,1.0,No Info,7198
Jet Airways,2019-05-24,Kolkata,Banglore,14:05:00,22:35:00,510,1.0,In-flight meal not included,10844
Multiple Carriers,2019-06-15,Delhi,Cochin,08:45:00,21:00:00,735,1.0,No Info,7005
Jet Airways,2019-05-12,Kolkata,Banglore,21:10:00,10:05:00,775,1.0,No Info,13941
Jet Airways,2019-05-24,Kolkata,Banglore,18:55:00,04:40:00,585,1.0,No Info,13731
Jet Airways,2019-06-18,Banglore,Delhi,15:50:00,18:45:00,175,0.0,No Info,8016
Jet Airways,2019-03-21,Banglore,New Delhi,22:50:00,11:25:00,755,1.0,In-flight meal not included,7832
Air India,2019-05-15,Kolkata,Banglore,19:00:00,04:40:00,580,1.0,No Info,6117
Air Asia,2019-05-01,Banglore,Delhi,04:55:00,07:45:00,170,0.0,No Info,4282
Air India,2019-05-12,Kolkata,Banglore,19:00:00,11:05:00,965,1.0,No Info,6327
Jet Airways,2019-03-06,Banglore,New Delhi,21:25:00,10:25:00,780,1.0,No Info,17261
Jet Airways,2019-05-12,Banglore,Delhi,15:15:00,18:10:00,175,0.0,In-flight meal not included,4544
Jet Airways,2019-03-09,Delhi,Cochin,17:25:00,04:25:00,660,1.0,In-flight meal not included,11848
Indigo,2019-05-09,Delhi,Cochin,08:35:00,22:30:00,835,1.0,No Info,6734
Vistara,2019-06-12,Kolkata,Banglore,17:00:00,09:05:00,965,1.0,No Info,7927
Jet Airways,2019-06-12,Delhi,Cochin,14:35:00,04:25:00,830,2.0,In-flight meal not included,10919
Multiple Carriers,2019-05-15,Delhi,Cochin,07:10:00,16:10:00,540,1.0,No Info,6513
Air India,2019-03-03,Banglore,New Delhi,19:10:00,10:35:00,925,2.0,No Info,13355
Air India,2019-04-03,Mumbai,Hyderabad,21:05:00,22:25:00,80,0.0,No Info,2050
Spicejet,2019-05-09,Kolkata,Banglore,09:00:00,11:25:00,145,0.0,No Info,3873
Indigo,2019-06-24,Kolkata,Banglore,09:35:00,12:20:00,165,0.0,No Info,4804
Air Asia,2019-06-06,Delhi,Cochin,16:45:00,22:25:00,340,1.0,No Info,11410
Jet Airways,2019-06-09,Kolkata,Banglore,06:30:00,23:35:00,1025,1.0,No Info,14571
Indigo,2019-03-06,Chennai,Kolkata,22:05:00,00:25:00,140,0.0,No Info,5277
Multiple Carriers,2019-06-12,Delhi,Cochin,19:00:00,01:30:00,390,1.0,No Info,6795
Air India,2019-06-03,Kolkata,Banglore,14:15:00,16:45:00,150,0.0,No Info,5510
Air India,2019-05-21,Kolkata,Banglore,05:50:00,20:25:00,875,2.0,No Info,12303
Jet Airways,2019-06-01,Mumbai,Hyderabad,07:05:00,08:30:00,85,0.0,No Info,5678
Jet Airways,2019-04-27,Banglore,Delhi,07:10:00,10:10:00,180,0.0,No Info,7229
Jet Airways,2019-03-06,Banglore,New Delhi,05:45:00,16:10:00,625,1.0,No Info,16736
Goair,2019-05-12,Banglore,Delhi,20:55:00,23:40:00,165,0.0,No Info,3419
Indigo,2019-03-03,Delhi,Cochin,04:55:00,21:20:00,985,2.0,No Info,8899
Indigo,2019-03-27,Delhi,Cochin,08:35:00,21:20:00,765,2.0,No Info,6494
Spicejet,2019-03-09,Banglore,New Delhi,05:45:00,08:35:00,170,0.0,No Info,7110
Jet Airways,2019-04-03,Delhi,Cochin,11:00:00,14:15:00,195,0.0,In-flight meal not included,4886
Jet Airways,2019-05-27,Delhi,Cochin,09:40:00,12:35:00,1615,2.0,No Info,15129
Air Asia,2019-06-06,Kolkata,Banglore,07:35:00,23:30:00,955,1.0,No Info,6810
Air India,2019-03-03,Banglore,New Delhi,10:30:00,11:20:00,1490,1.0,No Info,11003
Air India,2019-03-06,Mumbai,Hyderabad,09:15:00,09:15:00,1440,1.0,No Info,9535
Jet Airways,2019-05-06,Kolkata,Banglore,18:55:00,04:40:00,585,1.0,No Info,13941
Indigo,2019-03-27,Delhi,Cochin,11:30:00,01:35:00,845,1.0,No Info,6206
Jet Airways,2019-03-06,Banglore,New Delhi,08:00:00,13:15:00,315,1.0,No Info,19225
Jet Airways,2019-03-06,Banglore,New Delhi,08:00:00,19:10:00,670,1.0,No Info,16736
Indigo,2019-06-06,Kolkata,Banglore,21:25:00,00:05:00,160,0.0,No Info,4804
Multiple Carriers,2019-06-12,Delhi,Cochin,09:45:00,16:10:00,385,1.0,No Info,9646
Indigo,2019-03-09,Delhi,Cochin,21:05:00,01:45:00,280,1.0,No Info,6937
Jet Airways,2019-04-03,Banglore,Delhi,17:45:00,20:45:00,180,0.0,No Info,7229
Indigo,2019-05-27,Delhi,Cochin,17:05:00,22:15:00,310,1.0,No Info,6373
Multiple Carriers,2019-03-03,Delhi,Cochin,07:10:00,21:20:00,850,2.0,In-flight meal not included,8938
Spicejet,2019-03-21,Delhi,Cochin,16:35:00,22:50:00,375,1.0,No Info,4957
Jet Airways,2019-04-01,Kolkata,Banglore,18:55:00,16:20:00,1285,1.0,No Info,12681
Multiple Carriers,2019-03-06,Delhi,Cochin,13:00:00,21:00:00,480,1.0,No Info,15603
Jet Airways,2019-05-01,Kolkata,Banglore,14:05:00,08:15:00,1090,1.0,No Info,13941
Jet Airways,2019-06-27,Delhi,Cochin,22:50:00,04:25:00,335,1.0,No Info,16079
Jet Airways,2019-06-27,Banglore,Delhi,18:55:00,22:00:00,185,0.0,No Info,8016
Air India,2019-06-09,Kolkata,Banglore,14:35:00,14:35:00,1440,1.0,No Info,6528
Jet Airways,2019-06-12,Delhi,Cochin,02:15:00,12:35:00,620,1.0,In-flight meal not included,10262
Jet Airways,2019-06-27,Delhi,Cochin,10:00:00,12:35:00,1595,1.0,In-flight meal not included,10262
Jet Airways,2019-04-01,Kolkata,Banglore,16:30:00,19:50:00,1640,1.0,No Info,12681
Jet Airways,2019-06-06,Banglore,Delhi,07:10:00,10:10:00,180,0.0,No Info,8016
Indigo,2019-04-06,Kolkata,Banglore,21:25:00,00:05:00,160,0.0,No Info,4174
Jet Airways,2019-04-01,Banglore,Delhi,17:45:00,20:45:00,180,0.0,No Info,7229
Jet Airways,2019-03-06,Banglore,New Delhi,20:35:00,08:15:00,700,1.0,No Info,16736
Jet Airways,2019-06-09,Delhi,Cochin,08:00:00,19:00:00,660,1.0,In-flight meal not included,10262
Jet Airways,2019-03-27,Delhi,Cochin,05:10:00,04:25:00,1395,2.0,In-flight meal not included,9412
Jet Airways,2019-05-09,Delhi,Cochin,20:00:00,04:25:00,505,2.0,No Info,16263
Jet Airways,2019-05-06,Delhi,Cochin,22:50:00,12:35:00,825,1.0,No Info,15554
Multiple Carriers,2019-05-27,Delhi,Cochin,03:50:00,12:35:00,525,1.0,No Info,10197
Multiple Carriers,2019-03-27,Delhi,Cochin,10:00:00,18:50:00,530,1.0,No Info,11667
Multiple Carriers,2019-03-21,Delhi,Cochin,06:00:00,12:35:00,395,1.0,No Info,13369
Jet Airways,2019-03-06,Banglore,New Delhi,20:35:00,07:40:00,665,1.0,No Info,16736
Jet Airways,2019-03-24,Kolkata,Banglore,16:55:00,22:35:00,340,1.0,In-flight meal not included,11134
Multiple Carriers,2019-06-09,Delhi,Cochin,19:00:00,01:30:00,390,1.0,No Info,7408
Spicejet,2019-05-18,Delhi,Cochin,06:05:00,11:20:00,315,1.0,No Info,6297
Air India,2019-06-24,Delhi,Cochin,03:50:00,19:15:00,925,1.0,No Info,8669
Air Asia,2019-05-15,Delhi,Cochin,16:45:00,22:25:00,340,1.0,No Info,6752
Indigo,2019-05-06,Banglore,Delhi,10:10:00,13:00:00,170,0.0,No Info,3943
Air India,2019-04-24,Delhi,Cochin,14:10:00,17:10:00,180,0.0,No Info,6094
Jet Airways,2019-03-18,Banglore,New Delhi,11:40:00,05:05:00,1045,1.0,No Info,13555
Air India,2019-06-15,Delhi,Cochin,03:50:00,19:15:00,925,1.0,No Info,9929
Jet Airways,2019-03-12,Banglore,New Delhi,08:55:00,21:20:00,745,1.0,No Info,13817
Multiple Carriers,2019-06-09,Delhi,Cochin,02:15:00,11:30:00,555,1.0,No Info,13587
Indigo,2019-05-18,Banglore,Delhi,10:10:00,13:00:00,170,0.0,No Info,3943
Indigo,2019-03-21,Kolkata,Banglore,09:35:00,12:20:00,165,0.0,No Info,4148
Vistara,2019-03-03,Banglore,New Delhi,21:10:00,00:05:00,175,0.0,No Info,7608
Spicejet,2019-06-06,Kolkata,Banglore,11:35:00,18:50:00,435,1.0,No Info,8479
Jet Airways,2019-04-09,Banglore,Delhi,15:50:00,18:45:00,175,0.0,No Info,7229
Vistara,2019-03-03,Delhi,Cochin,06:00:00,09:10:00,190,0.0,No Info,8001
Jet Airways,2019-05-01,Banglore,Delhi,08:20:00,11:20:00,180,0.0,In-flight meal not included,5198
Spicejet,2019-06-18,Banglore,Delhi,09:30:00,12:20:00,170,0.0,No check-in baggage included,3257
Goair,2019-05-15,Delhi,Cochin,14:25:00,19:35:00,310,1.0,No Info,10188
Air India,2019-03-12,Kolkata,Banglore,20:45:00,23:20:00,155,0.0,No Info,4435
Spicejet,2019-03-24,Kolkata,Banglore,22:20:00,00:40:00,140,0.0,No Info,5831
Air India,2019-05-01,Kolkata,Banglore,09:25:00,18:20:00,535,2.0,No Info,8366
Jet Airways,2019-03-06,Banglore,New Delhi,07:00:00,12:25:00,325,1.0,No Info,22270
Spicejet,2019-03-21,Chennai,Kolkata,08:20:00,10:35:00,135,0.0,No check-in baggage included,3332
Jet Airways,2019-05-06,Kolkata,Banglore,20:25:00,23:35:00,1630,1.0,No Info,10953
Indigo,2019-06-03,Delhi,Cochin,17:05:00,22:25:00,320,1.0,No Info,6493
Vistara,2019-03-18,Banglore,New Delhi,19:40:00,22:20:00,160,0.0,No Info,12123
Multiple Carriers,2019-05-27,Delhi,Cochin,07:10:00,22:30:00,920,1.0,No Info,7878
Jet Airways,2019-06-27,Delhi,Cochin,18:15:00,12:35:00,1100,1.0,In-flight meal not included,10262
Indigo,2019-05-24,Banglore,Delhi,21:15:00,00:15:00,180,0.0,No Info,3943
Indigo,2019-06-12,Chennai,Kolkata,22:05:00,00:25:00,140,0.0,No Info,5277
Jet Airways,2019-06-06,Delhi,Cochin,11:30:00,04:25:00,1015,1.0,No Info,14714
Vistara,2019-03-24,Banglore,New Delhi,07:00:00,09:40:00,160,0.0,No Info,5403
Multiple Carriers,2019-03-21,Delhi,Cochin,11:40:00,01:35:00,835,1.0,No Info,7695
Multiple Carriers,2019-03-21,Delhi,Cochin,10:20:00,18:50:00,510,1.0,No Info,11999
Air India,2019-05-01,Kolkata,Banglore,12:00:00,21:50:00,590,2.0,No Info,10676
Indigo,2019-06-06,Delhi,Cochin,21:50:00,03:35:00,345,1.0,No Info,6195
Jet Airways,2019-06-01,Delhi,Cochin,06:45:00,04:25:00,1300,2.0,In-flight meal not included,10919
Jet Airways,2019-06-09,Kolkata,Banglore,21:10:00,16:20:00,1150,1.0,In-flight meal not included,10844
Indigo,2019-04-18,Kolkata,Banglore,14:25:00,16:55:00,150,0.0,No Info,5224
Spicejet,2019-04-15,Banglore,Delhi,09:30:00,12:20:00,170,0.0,No check-in baggage included,4319
Jet Airways,2019-05-27,Delhi,Cochin,05:30:00,19:00:00,810,2.0,No Info,15129
Jet Airways,2019-03-18,Banglore,New Delhi,07:00:00,16:10:00,550,1.0,No Info,12284
Jet Airways,2019-06-03,Delhi,Cochin,05:30:00,19:00:00,810,2.0,No Info,13014
Spicejet,2019-04-09,Kolkata,Banglore,09:00:00,11:25:00,145,0.0,No Info,3873
Multiple Carriers,2019-03-27,Delhi,Cochin,11:30:00,18:50:00,440,1.0,No Info,11200
Multiple Carriers,2019-03-06,Delhi,Cochin,08:25:00,18:50:00,625,1.0,No Info,15135
Jet Airways,2019-06-15,Mumbai,Hyderabad,19:35:00,21:05:00,90,0.0,No Info,5678
Air Asia,2019-05-18,Banglore,Delhi,11:10:00,13:55:00,165,0.0,No Info,4483
Jet Airways,2019-06-12,Kolkata,Banglore,20:25:00,18:00:00,1295,1.0,No Info,12692
Air India,2019-03-01,Banglore,New Delhi,05:50:00,12:15:00,1825,3.0,No Info,12346
Indigo,2019-05-18,Kolkata,Banglore,15:15:00,20:05:00,290,1.0,No Info,4775
Jet Airways,2019-05-12,Kolkata,Banglore,18:55:00,12:00:00,1025,1.0,In-flight meal not included,9663
Jet Airways,2019-06-09,Kolkata,Banglore,10:20:00,17:35:00,435,1.0,No Info,8355
Jet Airways,2019-05-27,Delhi,Cochin,10:00:00,12:35:00,1595,1.0,In-flight meal not included,12898
Indigo,2019-04-12,Banglore,Delhi,07:10:00,10:05:00,175,0.0,No Info,4823
Jet Airways,2019-06-01,Delhi,Cochin,21:25:00,12:35:00,910,2.0,No Info,13292
Jet Airways,2019-05-03,Banglore,Delhi,08:20:00,11:20:00,180,0.0,No Info,7229
Spicejet,2019-04-12,Banglore,Delhi,05:55:00,08:35:00,160,0.0,No check-in baggage included,4319
Jet Airways,2019-03-21,Delhi,Cochin,19:45:00,04:25:00,520,1.0,In-flight meal not included,5963
Jet Airways,2019-03-24,Kolkata,Banglore,16:55:00,19:40:00,1605,1.0,In-flight meal not included,11134
Jet Airways,2019-03-12,Banglore,New Delhi,05:45:00,12:15:00,390,1.0,No Info,17524
Air India,2019-05-21,Kolkata,Banglore,09:25:00,18:30:00,545,1.0,No Info,8366
Jet Airways,2019-05-15,Kolkata,Banglore,20:25:00,18:00:00,1295,1.0,No Info,14151
Spicejet,2019-06-03,Banglore,Delhi,21:10:00,00:05:00,175,0.0,No Info,3311
Indigo,2019-03-03,Mumbai,Hyderabad,06:20:00,07:45:00,85,0.0,No Info,4784
Vistara,2019-06-12,Kolkata,Banglore,20:20:00,09:05:00,765,1.0,No Info,7927
Indigo,2019-03-01,Banglore,New Delhi,05:15:00,10:00:00,285,1.0,No Info,8064
Air India,2019-05-21,Kolkata,Banglore,10:00:00,05:25:00,1165,2.0,No Info,13899
Goair,2019-04-01,Kolkata,Banglore,16:40:00,00:15:00,455,1.0,No Info,5171
Vistara,2019-03-03,Banglore,New Delhi,19:40:00,22:20:00,160,0.0,No Info,11913
Air India,2019-06-09,Delhi,Cochin,06:05:00,09:25:00,1640,1.0,No Info,7690
Air India,2019-04-09,Delhi,Cochin,13:05:00,07:40:00,1115,2.0,No Info,8577
Indigo,2019-03-21,Delhi,Cochin,16:00:00,21:00:00,300,1.0,No Info,6232
Jet Airways,2019-03-06,Banglore,New Delhi,08:00:00,18:25:00,625,1.0,No Info,16736
Air India,2019-06-15,Delhi,Cochin,20:15:00,19:15:00,1380,2.0,No Info,13591
Jet Airways,2019-06-06,Delhi,Cochin,19:45:00,19:00:00,1395,1.0,No Info,14714
Jet Airways,2019-05-21,Delhi,Cochin,11:30:00,12:35:00,1505,1.0,In-flight meal not included,12898
Jet Airways,2019-06-06,Delhi,Cochin,14:35:00,04:25:00,830,2.0,In-flight meal not included,10919
Air India,2019-03-24,Kolkata,Banglore,20:30:00,23:15:00,1605,1.0,No Info,10808
Jet Airways,2019-06-24,Delhi,Cochin,23:05:00,12:35:00,810,2.0,No Info,12819
Air India,2019-03-27,Delhi,Cochin,19:45:00,19:15:00,1410,2.0,No Info,8656
Indigo,2019-06-15,Delhi,Cochin,07:30:00,21:00:00,810,1.0,No Info,6093
Jet Airways,2019-05-18,Kolkata,Banglore,18:55:00,18:15:00,1400,1.0,In-flight meal not included,10844
Multiple Carriers,2019-05-18,Delhi,Cochin,06:00:00,21:00:00,900,1.0,No Info,7670
Multiple Carriers,2019-06-06,Delhi,Cochin,10:20:00,19:00:00,520,1.0,No Info,11789
Spicejet,2019-04-27,Banglore,Delhi,05:55:00,08:35:00,160,0.0,No Info,4423
Indigo,2019-03-27,Delhi,Cochin,20:30:00,01:35:00,305,1.0,No Info,5073
Indigo,2019-06-27,Mumbai,Hyderabad,06:25:00,07:55:00,90,0.0,No Info,4049
Jet Airways,2019-03-09,Delhi,Cochin,18:15:00,04:25:00,610,1.0,In-flight meal not included,14053
Spicejet,2019-05-06,Kolkata,Banglore,09:00:00,11:25:00,145,0.0,No check-in baggage included,3841
Vistara,2019-05-12,Kolkata,Banglore,07:10:00,22:40:00,930,1.0,No Info,8662
Jet Airways,2019-03-03,Delhi,Cochin,09:00:00,18:50:00,590,1.0,In-flight meal not included,15400
Spicejet,2019-05-24,Chennai,Kolkata,17:45:00,20:05:00,140,0.0,No Info,3597
Indigo,2019-06-27,Delhi,Cochin,17:30:00,01:30:00,480,1.0,No Info,5684
Vistara,2019-03-09,Banglore,New Delhi,06:40:00,10:25:00,1665,1.0,No Info,10008
Spicejet,2019-04-15,Kolkata,Banglore,06:55:00,09:30:00,155,0.0,No check-in baggage included,3841
Multiple Carriers,2019-06-09,Delhi,Cochin,13:00:00,21:00:00,480,1.0,No Info,13587
Indigo,2019-05-24,Mumbai,Hyderabad,21:20:00,22:50:00,90,0.0,No Info,2437
Jet Airways,2019-03-03,Banglore,New Delhi,08:00:00,07:40:00,1420,1.0,In-flight meal not included,13502
Jet Airways,2019-03-24,Mumbai,Hyderabad,07:10:00,08:35:00,85,0.0,In-flight meal not included,2470
Indigo,2019-03-24,Chennai,Kolkata,11:35:00,14:00:00,145,0.0,No Info,4332
Air India,2019-06-06,Delhi,Cochin,08:00:00,19:15:00,675,1.0,No Info,8372
Jet Airways,2019-04-01,Kolkata,Banglore,18:55:00,09:20:00,865,1.0,In-flight meal not included,7064
Spicejet,2019-05-21,Banglore,Delhi,05:55:00,08:35:00,160,0.0,No check-in baggage included,3257
Air India,2019-06-12,Delhi,Cochin,10:55:00,07:40:00,1245,2.0,No Info,11753
Indigo,2019-06-03,Delhi,Cochin,04:55:00,21:00:00,965,1.0,No Info,6838
Air India,2019-03-01,Banglore,New Delhi,11:05:00,22:10:00,665,2.0,Change airports,13576
Vistara,2019-04-03,Banglore,Delhi,07:00:00,09:40:00,160,0.0,No Info,5403
Jet Airways,2019-03-27,Delhi,Cochin,16:00:00,19:45:00,1665,1.0,No Info,12032
Air India,2019-05-06,Kolkata,Banglore,09:25:00,01:20:00,955,2.0,No Info,11458
Indigo,2019-06-09,Banglore,Delhi,00:25:00,03:15:00,170,0.0,No Info,3943
Jet Airways,2019-03-03,Delhi,Cochin,08:00:00,04:25:00,1225,1.0,No Info,17024
Jet Airways,2019-05-01,Kolkata,Banglore,08:25:00,09:20:00,1495,1.0,In-flight meal not included,9663
Indigo,2019-05-21,Delhi,Cochin,10:35:00,01:30:00,895,1.0,No Info,6794
Spicejet,2019-06-01,Kolkata,Banglore,17:10:00,19:40:00,150,0.0,No Info,4174
Jet Airways,2019-06-03,Delhi,Cochin,20:55:00,19:00:00,1325,1.0,No Info,14714
Indigo,2019-05-15,Delhi,Cochin,09:15:00,21:00:00,705,1.0,No Info,7503
Jet Airways,2019-06-27,Mumbai,Hyderabad,10:20:00,11:50:00,90,0.0,In-flight meal not included,4995
Goair,2019-03-24,Banglore,New Delhi,11:40:00,14:35:00,175,0.0,No Info,4340
Indigo,2019-06-03,Banglore,Delhi,00:25:00,03:15:00,170,0.0,No Info,3943
Vistara,2019-06-09,Kolkata,Banglore,17:00:00,23:25:00,385,1.0,No Info,9870
Jet Airways,2019-05-01,Kolkata,Banglore,17:00:00,14:25:00,1285,1.0,No Info,11467
Spicejet,2019-06-01,Banglore,Delhi,09:30:00,12:20:00,170,0.0,No Info,3971
Jet Airways,2019-03-27,Delhi,Cochin,05:10:00,18:50:00,820,2.0,In-flight meal not included,8518
Goair,2019-04-01,Banglore,Delhi,20:55:00,23:40:00,165,0.0,No Info,4239
Goair,2019-05-03,Banglore,Delhi,20:55:00,23:40:00,165,0.0,No Info,4239
Jet Airways,2019-05-18,Delhi,Cochin,23:05:00,04:25:00,1760,2.0,No Info,15129
Vistara,2019-03-01,Banglore,New Delhi,19:40:00,22:20:00,160,0.0,No Info,21730
Indigo,2019-06-06,Mumbai,Hyderabad,12:00:00,13:30:00,90,0.0,No Info,2754
Indigo,2019-03-03,Delhi,Cochin,11:55:00,21:20:00,565,2.0,No Info,9413
Jet Airways,2019-06-24,Delhi,Cochin,09:00:00,12:35:00,1655,1.0,In-flight meal not included,10262
Jet Airways,2019-06-15,Delhi,Cochin,10:00:00,19:00:00,540,1.0,No Info,14714
Goair,2019-06-12,Banglore,Delhi,20:55:00,23:40:00,165,0.0,No Info,3419
Multiple Carriers,2019-06-27,Delhi,Cochin,04:55:00,19:00:00,845,1.0,No Info,10678
Jet Airways,2019-06-18,Banglore,Delhi,17:45:00,20:45:00,180,0.0,No Info,8016
Indigo,2019-04-15,Delhi,Cochin,14:25:00,17:40:00,195,0.0,No Info,6015
Jet Airways,2019-05-27,Delhi,Cochin,18:15:00,04:25:00,610,1.0,In-flight meal not included,12898
Air India,2019-05-24,Kolkata,Banglore,07:00:00,20:25:00,805,1.0,No Info,10413
Air India,2019-05-12,Kolkata,Banglore,09:25:00,21:50:00,745,1.0,No Info,8891
Spicejet,2019-03-27,Mumbai,Hyderabad,13:10:00,14:30:00,80,0.0,No Info,2017
Jet Airways,2019-03-27,Delhi,Cochin,19:15:00,04:25:00,550,1.0,In-flight meal not included,6540
Vistara,2019-05-09,Kolkata,Banglore,17:00:00,10:45:00,1065,1.0,No Info,8452
Spicejet,2019-06-15,Chennai,Kolkata,09:45:00,12:00:00,135,0.0,No Info,3597
Jet Airways,2019-05-27,Delhi,Cochin,23:05:00,04:25:00,1760,2.0,No Info,16704
Indigo,2019-03-24,Banglore,New Delhi,22:20:00,01:10:00,170,0.0,No Info,7303
Multiple Carriers,2019-03-06,Delhi,Cochin,09:55:00,19:15:00,560,1.0,In-flight meal not included,15342
Jet Airways,2019-06-06,Banglore,Delhi,06:00:00,08:45:00,165,0.0,No Info,8016
Indigo,2019-04-21,Banglore,Delhi,06:05:00,08:50:00,165,0.0,No Info,4423
Air Asia,2019-06-21,Banglore,Delhi,11:10:00,13:55:00,165,0.0,No Info,3383
Air India,2019-05-21,Kolkata,Banglore,16:50:00,05:35:00,765,2.0,No Info,12324
Air India,2019-06-18,Mumbai,Hyderabad,06:20:00,07:40:00,80,0.0,No Info,3100
Air India,2019-03-03,Delhi,Cochin,05:55:00,19:15:00,2240,2.0,No Info,13748
Indigo,2019-05-27,Delhi,Cochin,16:10:00,22:30:00,380,1.0,No Info,6938
Multiple Carriers,2019-04-09,Delhi,Cochin,17:30:00,01:30:00,480,1.0,No Info,13017
Jet Airways,2019-03-06,Banglore,New Delhi,08:55:00,08:15:00,1400,1.0,No Info,14815
Jet Airways,2019-03-27,Delhi,Cochin,09:00:00,18:50:00,590,1.0,No Info,12032
Indigo,2019-04-27,Delhi,Cochin,05:05:00,16:10:00,665,1.0,No Info,6171
Spicejet,2019-06-24,Mumbai,Hyderabad,13:15:00,14:45:00,90,0.0,No Info,2017
Air India,2019-03-12,Mumbai,Hyderabad,16:50:00,12:25:00,1175,3.0,No Info,14260
Jet Airways,2019-03-01,Banglore,New Delhi,05:50:00,12:20:00,390,1.0,Business class,28097
Jet Airways,2019-05-21,Delhi,Cochin,21:50:00,12:35:00,885,1.0,In-flight meal not included,12898
Jet Airways,2019-05-18,Kolkata,Banglore,20:25:00,18:00:00,1295,1.0,No Info,14151
Multiple Carriers,2019-06-27,Delhi,Cochin,08:00:00,19:00:00,660,1.0,No Info,12192
Jet Airways,2019-05-15,Kolkata,Banglore,08:25:00,18:15:00,590,1.0,In-flight meal not included,10844
Jet Airways,2019-06-01,Delhi,Cochin,13:00:00,12:35:00,1415,1.0,In-flight meal not included,10262
Indigo,2019-03-24,Kolkata,Banglore,14:20:00,16:55:00,155,0.0,No Info,5618
Air India,2019-05-21,Kolkata,Banglore,14:30:00,23:15:00,525,2.0,No Info,15107
Air India,2019-05-09,Delhi,Cochin,22:00:00,19:15:00,1275,2.0,No Info,10441
Spicejet,2019-06-06,Kolkata,Banglore,22:20:00,00:40:00,140,0.0,No Info,3873
Multiple Carriers,2019-05-18,Delhi,Cochin,17:50:00,01:30:00,460,2.0,No Info,19360
Jet Airways,2019-04-15,Delhi,Cochin,11:00:00,14:15:00,195,0.0,In-flight meal not included,5443
Spicejet,2019-03-18,Chennai,Kolkata,08:20:00,10:35:00,135,0.0,No check-in baggage included,3807
Indigo,2019-06-09,Chennai,Kolkata,11:35:00,14:00:00,145,0.0,No Info,3858
Jet Airways,2019-03-09,Delhi,Cochin,08:20:00,04:25:00,1205,2.0,No Info,18909
Spicejet,2019-05-09,Chennai,Kolkata,08:20:00,10:35:00,135,0.0,No check-in baggage included,3859
Jet Airways,2019-03-27,Delhi,Cochin,21:50:00,04:25:00,395,1.0,No Info,12242
Jet Airways,2019-03-18,Banglore,New Delhi,11:40:00,20:20:00,520,1.0,In-flight meal not included,11087
Air India,2019-04-18,Delhi,Cochin,05:10:00,08:00:00,170,0.0,No Info,6094
Jet Airways,2019-04-01,Delhi,Cochin,17:30:00,12:35:00,1145,1.0,In-flight meal not included,5406
Indigo,2019-03-01,Banglore,New Delhi,19:35:00,00:35:00,300,1.0,No Info,22153
Spicejet,2019-05-15,Chennai,Kolkata,08:20:00,10:35:00,135,0.0,No Info,3597
Jet Airways,2019-05-27,Delhi,Cochin,17:30:00,12:35:00,1145,1.0,In-flight meal not included,12898
Air India,2019-03-21,Delhi,Cochin,09:45:00,09:25:00,1420,1.0,No Info,7532
Indigo,2019-03-24,Kolkata,Banglore,15:10:00,19:50:00,280,1.0,No Info,7476
Goair,2019-05-27,Banglore,Delhi,20:55:00,23:40:00,165,0.0,No Info,3419
Jet Airways,2019-05-18,Delhi,Cochin,11:30:00,12:35:00,1505,1.0,In-flight meal not included,12373
Jet Airways,2019-05-15,Mumbai,Hyderabad,19:35:00,21:05:00,90,0.0,In-flight meal not included,2228
Indigo,2019-04-01,Kolkata,Banglore,20:20:00,22:55:00,155,0.0,No Info,4488
Vistara,2019-06-06,Delhi,Cochin,06:00:00,09:10:00,190,0.0,No Info,6216
Vistara,2019-05-21,Kolkata,Banglore,20:20:00,20:20:00,1440,1.0,No Info,9345
Multiple Carriers,2019-05-09,Delhi,Cochin,10:00:00,21:00:00,660,1.0,No Info,13727
Multiple Carriers,2019-05-21,Delhi,Cochin,09:00:00,19:00:00,600,1.0,No Info,10197
Jet Airways,2019-05-18,Kolkata,Banglore,09:35:00,18:00:00,505,1.0,No Info,14151
Indigo,2019-03-12,Kolkata,Banglore,14:20:00,16:55:00,155,0.0,No Info,4148
Indigo,2019-03-09,Banglore,New Delhi,00:40:00,03:25:00,165,0.0,No Info,4545
Air India,2019-03-03,Banglore,New Delhi,17:00:00,19:45:00,165,0.0,No Info,19508
Jet Airways,2019-06-15,Delhi,Cochin,21:50:00,12:35:00,885,1.0,In-flight meal not included,10262
Indigo,2019-05-06,Delhi,Cochin,11:25:00,01:30:00,845,1.0,No Info,6979
Multiple Carriers,2019-05-27,Delhi,Cochin,06:00:00,12:35:00,395,1.0,No Info,11264
Goair,2019-06-01,Delhi,Cochin,07:25:00,13:35:00,370,1.0,No Info,6393
Multiple Carriers,2019-06-27,Delhi,Cochin,09:15:00,19:15:00,600,1.0,No Info,8099
Jet Airways,2019-05-15,Banglore,Delhi,11:10:00,14:05:00,175,0.0,In-flight meal not included,4030
Indigo,2019-06-03,Delhi,Cochin,23:30:00,04:35:00,305,1.0,No Info,11378
Jet Airways,2019-05-01,Delhi,Cochin,09:40:00,12:35:00,1615,2.0,No Info,15129
Jet Airways,2019-05-09,Delhi,Cochin,17:30:00,04:25:00,655,1.0,In-flight meal not included,12373
Indigo,2019-05-01,Mumbai,Hyderabad,20:05:00,21:40:00,95,0.0,No Info,2227
Multiple Carriers,2019-05-21,Delhi,Cochin,04:55:00,12:35:00,460,1.0,No Info,9103
Air India,2019-05-21,Delhi,Cochin,20:40:00,09:25:00,765,1.0,No Info,7480
Jet Airways,2019-06-09,Kolkata,Banglore,20:00:00,22:35:00,1595,1.0,In-flight meal not included,10844
Multiple Carriers,2019-03-06,Delhi,Cochin,13:00:00,01:35:00,755,1.0,No Info,15603
Jet Airways,2019-06-06,Delhi,Cochin,05:30:00,04:25:00,1375,2.0,No Info,13014
Jet Airways,2019-05-18,Kolkata,Banglore,20:25:00,23:35:00,1630,1.0,No Info,14151
Jet Airways,2019-03-24,Kolkata,Banglore,18:55:00,12:00:00,1025,1.0,In-flight meal not included,11134
Jet Airways,2019-06-24,Delhi,Cochin,14:35:00,12:35:00,1320,2.0,No Info,13376
Spicejet,2019-04-15,Banglore,Delhi,05:55:00,08:35:00,160,0.0,No check-in baggage included,4319
Indigo,2019-04-15,Kolkata,Banglore,19:35:00,23:15:00,220,1.0,No Info,4226
Multiple Carriers,2019-06-24,Delhi,Cochin,11:30:00,19:15:00,465,1.0,No Info,14848
Air Asia,2019-06-12,Banglore,Delhi,23:55:00,02:45:00,170,0.0,No Info,3383
Indigo,2019-05-15,Delhi,Cochin,02:00:00,07:45:00,345,1.0,No Info,6037
Jet Airways,2019-06-09,Kolkata,Banglore,21:10:00,20:45:00,1415,1.0,In-flight meal not included,10844
Indigo,2019-03-06,Delhi,Cochin,05:05:00,10:05:00,300,1.0,No Info,7894
Jet Airways,2019-03-24,Kolkata,Banglore,21:10:00,04:45:00,455,1.0,No Info,13759
Air India,2019-06-06,Kolkata,Banglore,10:00:00,05:25:00,1165,2.0,No Info,12009
Multiple Carriers,2019-05-18,Delhi,Cochin,12:50:00,21:00:00,490,1.0,No Info,7670
Multiple Carriers,2019-05-15,Delhi,Cochin,06:00:00,19:00:00,780,1.0,No Info,9794
Jet Airways,2019-06-09,Kolkata,Banglore,17:00:00,18:00:00,1500,1.0,No Info,14151
Jet Airways,2019-05-06,Kolkata,Banglore,20:00:00,19:50:00,1430,1.0,No Info,14388
Jet Airways,2019-05-18,Kolkata,Banglore,20:25:00,21:05:00,1480,1.0,No Info,14151
Jet Airways,2019-06-12,Delhi,Cochin,11:30:00,12:35:00,1505,1.0,In-flight meal not included,10262
Spicejet,2019-06-24,Delhi,Cochin,17:55:00,22:50:00,295,1.0,No Info,4957
Vistara,2019-06-03,Chennai,Kolkata,07:05:00,09:20:00,135,0.0,No Info,3687
Air India,2019-03-06,Mumbai,Hyderabad,12:45:00,19:25:00,1840,2.0,No Info,13253
Jet Airways,2019-03-18,Banglore,New Delhi,05:45:00,16:10:00,625,1.0,No Info,12284
Jet Airways,2019-05-06,Kolkata,Banglore,09:35:00,23:35:00,840,1.0,No Info,12121
Jet Airways,2019-04-09,Delhi,Cochin,22:50:00,04:25:00,335,1.0,No Info,12242
Indigo,2019-06-18,Banglore,Delhi,04:00:00,06:50:00,170,0.0,No Info,3943
Jet Airways,2019-05-09,Delhi,Cochin,11:30:00,19:00:00,450,1.0,In-flight meal not included,12373
Multiple Carriers,2019-06-12,Delhi,Cochin,12:50:00,01:30:00,760,1.0,No Info,6795
Goair,2019-04-03,Banglore,Delhi,20:55:00,23:40:00,165,0.0,No Info,4239
Vistara,2019-04-21,Banglore,Delhi,11:30:00,14:20:00,170,0.0,No Info,5403
Jet Airways,2019-03-09,Delhi,Cochin,17:25:00,18:50:00,1525,1.0,In-flight meal not included,14053
Air Asia,2019-06-27,Delhi,Cochin,20:45:00,07:10:00,625,1.0,No Info,6451
Jet Airways,2019-06-12,Delhi,Cochin,14:00:00,12:35:00,1355,1.0,In-flight meal not included,10262
Jet Airways,2019-06-01,Delhi,Cochin,19:30:00,12:35:00,1025,2.0,In-flight meal not included,10368
Indigo,2019-05-01,Chennai,Kolkata,19:35:00,21:55:00,140,0.0,No Info,3597
Jet Airways,2019-06-24,Delhi,Cochin,15:00:00,04:25:00,805,1.0,In-flight meal not included,10262
Indigo,2019-06-27,Kolkata,Banglore,21:25:00,00:05:00,160,0.0,No Info,4804
Vistara,2019-05-15,Banglore,Delhi,11:30:00,14:20:00,170,0.0,No Info,4668
Spicejet,2019-06-01,Chennai,Kolkata,08:20:00,10:35:00,135,0.0,No check-in baggage included,3543
Jet Airways,2019-03-24,Kolkata,Banglore,06:30:00,04:45:00,1335,1.0,No Info,13759
Jet Airways,2019-04-01,Kolkata,Banglore,06:30:00,20:45:00,855,1.0,No Info,12681
Air India,2019-03-01,Banglore,New Delhi,11:05:00,19:50:00,525,1.0,1 Long layover,14594
Jet Airways,2019-05-18,Delhi,Cochin,13:00:00,19:00:00,360,1.0,In-flight meal not included,12373
Jet Airways,2019-04-01,Kolkata,Banglore,16:30:00,16:20:00,1430,1.0,No Info,12681
Jet Airways,2019-06-12,Mumbai,Hyderabad,19:35:00,21:05:00,90,0.0,In-flight meal not included,3210
Jet Airways,2019-06-01,Banglore,Delhi,06:00:00,08:45:00,165,0.0,No Info,8016
Jet Airways,2019-05-01,Kolkata,Banglore,16:30:00,08:15:00,945,1.0,In-flight meal not included,8586
Multiple Carriers,2019-06-06,Delhi,Cochin,04:55:00,12:35:00,460,1.0,No Info,10678
Indigo,2019-05-03,Mumbai,Hyderabad,20:05:00,21:40:00,95,0.0,No Info,2754
Indigo,2019-06-12,Mumbai,Hyderabad,01:40:00,03:10:00,90,0.0,No Info,2754
Jet Airways,2019-05-18,Delhi,Cochin,08:00:00,19:00:00,660,1.0,No Info,15554
Multiple Carriers,2019-03-01,Delhi,Cochin,14:35:00,22:20:00,465,1.0,No Info,14762
Air India,2019-06-09,Delhi,Cochin,19:45:00,19:15:00,1410,2.0,No Info,9968
Multiple Carriers,2019-05-27,Delhi,Cochin,11:40:00,19:15:00,455,1.0,No Info,9316
Spicejet,2019-06-03,Delhi,Cochin,17:55:00,22:50:00,295,1.0,No Info,5409
Indigo,2019-03-01,Banglore,New Delhi,12:10:00,17:05:00,295,1.0,No Info,9694
Indigo,2019-03-12,Kolkata,Banglore,05:30:00,08:20:00,170,0.0,No Info,4148
Indigo,2019-06-01,Delhi,Cochin,07:35:00,12:10:00,275,1.0,No Info,5054
Multiple Carriers,2019-03-03,Delhi,Cochin,08:55:00,18:50:00,595,1.0,No Info,15411
Air India,2019-03-15,Banglore,New Delhi,08:15:00,21:25:00,790,1.0,No Info,6046
Vistara,2019-03-24,Kolkata,Banglore,17:00:00,22:55:00,355,1.0,No Info,14360
Indigo,2019-05-09,Delhi,Cochin,20:25:00,01:30:00,305,1.0,No Info,7255
Spicejet,2019-03-27,Mumbai,Hyderabad,05:45:00,07:05:00,80,0.0,No Info,1759
Spicejet,2019-04-09,Banglore,Delhi,09:30:00,12:20:00,170,0.0,No check-in baggage included,4319
Air India,2019-03-15,Banglore,New Delhi,22:00:00,13:20:00,920,1.0,No Info,8845
Vistara,2019-05-21,Kolkata,Banglore,17:00:00,10:45:00,1065,1.0,No Info,9187
Multiple Carriers,2019-05-27,Delhi,Cochin,08:00:00,21:00:00,780,1.0,No Info,7618
Jet Airways,2019-03-06,Banglore,New Delhi,14:05:00,11:25:00,1280,1.0,No Info,15025
